<?xml version="1.0" encoding="windows-1255" standalone="yes"?>
<root school_id="540401" data_type="hours" EG_time2="06-01-2019 22:19">
  <data num="0" name="0" from="" to="" />
  <data num="1" name="1" from="" to="" />
  <data num="2" name="2" from="" to="" />
  <data num="3" name="3" from="" to="" />
  <data num="4" name="4" from="" to="" />
  <data num="5" name="5" from="" to="" />
  <data num="6" name="6" from="" to="" />
  <data num="7" name="7" from="" to="" />
  <data num="8" name="8" from="" to="" />
  <data num="9" name="9" from="" to="" />
  <data num="10" name="10" from="" to="" />
  <data num="11" name="11" from="" to="" />
  <data num="12" name="12" from="" to="" />
  <data num="13" name="13" from="" to="" />
  <data num="14" name="14" from="" to="" />
  <data num="15" name="15" from="" to="" />
</root>