<?xml version="1.0" encoding="windows-1255" standalone="yes"?>
<root school_id="540401" data_type="list" EG_time2="06-01-2019 11:37">
  <data num="1197" />
  <data num="1231" />
  <data num="1151" />
  <data num="1100" />
  <data num="1073" />
  <data num="1006" />
  <data num="1180" />
  <data num="1098" />
  <data num="1084" />
  <data num="1177" />
  <data num="1099" />
  <data num="1159" />
  <data num="1189" />
  <data num="1138" />
  <data num="1050" />
  <data num="1178" />
  <data num="1160" />
  <data num="1000" />
  <data num="1157" />
  <data num="1109" />
  <data num="1179" />
  <data num="1114" />
  <data num="1034" />
  <data num="1033" />
  <data num="1024" />
  <data num="1090" />
  <data num="1240" />
  <data num="1119" />
  <data num="1124" />
  <data num="1115" />
  <data num="1125" />
  <data num="1091" />
  <data num="1055" />
  <data num="1081" />
  <data num="1156" />
  <data num="1247" />
  <data num="1062" />
  <data num="1194" />
  <data num="1183" />
  <data num="1023" />
  <data num="1170" />
  <data num="1149" />
  <data num="1039" />
  <data num="1195" />
  <data num="1226" />
  <data num="1185" />
  <data num="1061" />
  <data num="1132" />
  <data num="1105" />
  <data num="1049" />
  <data num="1279" />
  <data num="1184" />
  <data num="1208" />
  <data num="1080" />
  <data num="1068" />
  <data num="1999" />
  <data num="1191" />
  <data num="1027" />
  <data num="1026" />
  <data num="1095" />
  <data num="1162" />
  <data num="1104" />
  <data num="1233" />
  <data num="1032" />
  <data num="1130" />
  <data num="1020" />
  <data num="1021" />
  <data num="1031" />
  <data num="1215" />
  <data num="1083" />
  <data num="1082" />
  <data num="1102" />
  <data num="1212" />
  <data num="1103" />
  <data num="1196" />
  <data num="1145" />
  <data num="1071" />
  <data num="1161" />
  <data num="1070" />
  <data num="1018" />
  <data num="1202" />
  <data num="1131" />
  <data num="1205" />
  <data num="1140" />
  <data num="1137" />
  <data num="1094" />
  <data num="1066" />
  <data num="1154" />
  <data num="1004" />
  <data num="1153" />
  <data num="1225" />
  <data num="1142" />
  <data num="1044" />
  <data num="1075" />
  <data num="1199" />
  <data num="1206" />
  <data num="1211" />
  <data num="1217" />
  <data num="1063" />
  <data num="1069" />
  <data num="1079" />
  <data num="1078" />
  <data num="1182" />
  <data num="1146" />
  <data num="1218" />
  <data num="1117" />
  <data num="1122" />
  <data num="1120" />
  <data num="1256" />
  <data num="1121" />
  <data num="1123" />
  <data num="1213" />
  <data num="1074" />
  <data num="1201" />
  <data num="1214" />
  <data num="1096" />
  <data num="1234" />
  <data num="1152" />
  <data num="1112" />
  <data num="1251" />
  <data num="1059" />
  <data num="1186" />
  <data num="1058" />
  <data num="1060" />
  <data num="1209" />
  <data num="1040" />
  <data num="1249" />
  <data num="1051" />
  <data num="1047" />
  <data num="1046" />
  <data num="1171" />
  <data num="1200" />
  <data num="1193" />
  <data num="1168" />
  <data num="1155" />
  <data num="1037" />
  <data num="1175" />
  <data num="1092" />
  <data num="1141" />
  <data num="1203" />
  <data num="1147" />
  <data num="1227" />
  <data num="1077" />
  <data num="1236" />
  <data num="1219" />
  <data num="1242" />
  <data num="1057" />
  <data num="1221" />
  <data num="1222" />
  <data num="1150" />
  <data num="1220" />
  <data num="1048" />
  <data num="1025" />
  <data num="1017" />
  <data num="1015" />
  <data num="1016" />
  <data num="1045" />
  <data num="1134" />
  <data num="1243" />
  <data num="1106" />
  <data num="1239" />
  <data num="1148" />
  <data num="1093" />
  <data num="1110" />
  <data num="1163" />
  <data num="1190" />
  <data num="1198" />
  <data num="1237" />
  <data num="1245" />
  <data num="1228" />
  <data num="1108" />
  <data num="1107" />
  <data num="1133" />
  <data num="1223" />
  <data num="1244" />
  <data num="1111" />
  <data num="1252" />
  <data num="1056" />
  <data num="1207" />
  <data num="1187" />
  <data num="1126" />
  <data num="1128" />
  <data num="1127" />
  <data num="1204" />
  <data num="1238" />
  <data num="1030" />
  <data num="1013" />
  <data num="1139" />
  <data num="1067" />
  <data num="1229" />
  <data num="1166" />
  <data num="1076" />
  <data num="1143" />
  <data num="1011" />
  <data num="1012" />
  <data num="1022" />
  <data num="1176" />
  <data num="1116" />
  <data num="1038" />
  <data num="1241" />
  <data num="1254" />
  <data num="1054" />
  <data num="1003" />
  <data num="1230" />
  <data num="1118" />
  <data num="1097" />
  <data num="1009" />
  <data num="1010" />
  <data num="1216" />
  <data num="1246" />
  <data num="1248" />
  <data num="1035" />
  <data num="1113" />
  <data num="1165" />
  <data num="1052" />
  <data num="1101" />
  <data num="1065" />
  <data num="1087" />
  <data num="1053" />
  <data num="1043" />
  <data num="1169" />
  <data num="1172" />
  <data num="1210" />
  <data num="1235" />
  <data num="1088" />
  <data num="1167" />
  <data num="1164" />
  <data num="1029" />
  <data num="1028" />
  <data num="1036" />
  <data num="1144" />
  <data num="1135" />
  <data num="1181" />
  <data num="1005" />
  <data num="1232" />
  <data num="1002" />
  <data num="1173" />
  <data num="1041" />
  <data num="1014" />
  <data num="1174" />
  <data num="1064" />
  <data num="1192" />
  <data num="1224" />
  <data num="1188" />
  <data num="1001" />
  <data num="1086" />
  <data num="1089" />
  <data num="1257" />
  <data num="1085" />
  <data num="1136" />
  <data num="1072" />
  <data num="1278" />
  <data num="1019" />
  <data num="1042" />
  <data num="1129" />
  <data num="1007" />
  <data num="1008" />
  <data num="1158" />
</root>